﻿{"cameraMode":{"drawMode":0,"name":"Shaded","section":"Shading Mode"},"sceneLighting":true,"audioPlay":false,"sceneViewState":{"showFog":true,"showMaterialUpdate":false,"showSkybox":true,"showFlares":true,"showImageEffects":true,"showParticleSystems":true},"in2DMode":false,"pivot":{"x":6.602282524108887,"y":0.33249467611312868,"z":1.497548222541809},"rotation":{"x":-0.13192208111286164,"y":0.0050546093843877319,"z":-0.000665338768158108,"w":-0.9912469983100891},"size":10.56261157989502,"orthographic":false}