﻿{"cameraMode":{"drawMode":0,"name":"Shaded","section":"Shading Mode"},"sceneLighting":true,"audioPlay":false,"sceneViewState":{"showFog":true,"showMaterialUpdate":false,"showSkybox":true,"showFlares":true,"showImageEffects":true,"showParticleSystems":true},"in2DMode":false,"pivot":{"x":14.84609603881836,"y":32.907928466796878,"z":6.767547607421875},"rotation":{"x":-0.051276277750730517,"y":0.020070364698767663,"z":-0.00102603726554662,"w":-0.9984822869300842},"size":82.0313720703125,"orthographic":false}